nameseq,average,median,maximum,minimum,peak,none_levated_peak,sample_standard_deviation,population_standard_deviation,percentile15,percentile25,percentile50,percentile75,amplitude,variance,interquartile_range,semi_interquartile_range,coefficient_of_variation,skewness,kurtosis,label
R1,50419.99999999996,5341.480622881921,12574116.0,10.295132297551886,0.0019767288113182614,1.0833220587017471,725531.7741353578,726748.0897824336,1223.5288420124275,2382.2482982807546,5341.480622881921,11198.705894479754,12574105.704867702,528162786002.41614,8816.457596199,4408.2287980995,14.389761486222895,0.18639508695882986,0.21369502429906637,1
R2,46517.99999999997,5365.801396729793,11209104.0,82.0597422008248,0.002085214325637389,1.0753152046952856,655548.2593356495,656677.5422732173,1152.5811962834528,2724.3226291334495,5365.801396729793,10208.66327596144,11209021.940257799,431225394525.9931,7484.340646827991,3742.1703234139954,14.092356922818048,0.18832571675947216,0.21987072641348646,1
R3,47240.999999999985,6120.940528840878,11526025.0,87.57409592627715,0.002102693281965525,1.061611418737751,666117.5169187492,667237.9845179145,1452.3821717196026,2458.28084253471,6120.940528840878,12418.830695437791,11525937.425904073,445206527983.5286,9960.549852903081,4980.2749264515405,14.100411018368565,0.1851928155021397,0.27201242817132665,1
R4,50302.00000000003,5463.785258915512,12124324.0,63.8222540052538,0.0019283527493936612,1.038832584131537,709079.1645606294,710300.6627348973,1446.9754910209085,2270.545838907941,5463.785258915512,10857.501481646914,12124260.177745994,504527031481.63446,8586.955642738973,4293.477821369486,14.096440788847937,0.189703281306543,0.23218314333279821,1
