nameseq,k1,k2,k3,k4,k5,k6,k7,k8,k9,k10,label
R1,0.9277972282189237,0.9911715688482501,0.9961568547427133,0.9965531409788166,0.9966101694915255,0.9965986394557823,0.9965870307167236,0.9965753424657534,0.9965635738831615,0.996551724137931,1
R2,0.9250717398235732,0.990820451843044,0.9960369248452485,0.9965036651234568,0.9965156794425087,0.9965034965034966,0.9964912280701754,0.9964788732394366,0.9964664310954063,0.9964539007092199,1
R3,0.9340795459663979,0.9926651475473024,0.9964161796932067,0.9965642056880207,0.9965755009486789,0.9965870307167236,0.9965753424657534,0.9965635738831615,0.996551724137931,0.9965397923875432,1
R4,0.9254023925083549,0.9916052318668251,0.9963242777265597,0.9965036651234568,0.9965156794425087,0.9965034965034966,0.9964912280701754,0.9964788732394366,0.9964664310954063,0.9964539007092199,1
