nameseq,k1,k2,k3,k4,k5,k6,k7,k8,k9,k10,label
R1,4.035763875672701,7.184299175115535,8.094757588799695,8.18918309535864,8.204571144249154,8.199672344836317,8.194756854422295,8.189824558880057,8.184875342908285,8.17990909001493,1
R2,4.0213167439583515,7.107726493439463,8.038213658264233,8.162980556997836,8.164906926675652,8.159871336778439,8.15481810905212,8.149747119504703,8.14465824283186,8.13955135239883,1
R3,4.074753329220956,7.267817374970434,8.148642554818103,8.191011822215255,8.192869623747882,8.194756854422295,8.189824558880057,8.184875342908285,8.17990909001493,8.174925682500657,1
R4,3.993505512659704,7.153921807459711,8.116950293219814,8.162980556997836,8.164906926675652,8.159871336778439,8.15481810905212,8.149747119504703,8.14465824283186,8.13955135239883,1
