nameseq,average,median,maximum,minimum,peak,none_levated_peak,sample_standard_deviation,population_standard_deviation,percentile15,percentile25,percentile50,percentile75,amplitude,variance,interquartile_range,semi_interquartile_range,coefficient_of_variation,skewness,kurtosis,label
R1,4.084501421063955,1.088024590023412,699.2134229720302,0.0036302777869176837,24.401183006738904,80.16026461869048,40.31159527547477,40.37917553293569,0.24576212801254954,0.44918858191599464,1.088024590023412,2.2071186312069893,699.2097926942433,1630.477816719632,1.7579300492909946,0.8789650246454973,9.869404149937637,0.22299862934451317,0.21942820900385962,1
R2,4.656805385116952,1.4943454382453958,736.2597923719318,0.0028048531729255206,20.82973025027197,70.78736038078134,43.02970964500037,43.10383495342517,0.3661790431876087,0.6138619258805403,1.4943454382453958,2.7930157921432928,736.2569875187588,1857.9405876921178,2.1791538662627525,1.0895769331313763,9.240177779926638,0.22048440295987468,0.25590665594148665,1
R3,3.757173181424695,1.0630253723356935,604.7903781291305,0.003275933970224743,26.438316398198815,79.69875981008981,34.93416095141153,34.99292324853763,0.3854172450115725,0.5655642096368534,1.0630253723356935,2.2076181081250446,604.7871021951603,1224.5046774780453,1.6420538984881912,0.8210269492440956,9.2979906074398,0.23136217407678805,0.22653145457770898,1
R4,4.242422181280161,1.2345108387211083,701.9405746100579,0.02152113161501378,22.864296822700947,75.78846963843131,41.02692773098811,41.09760293881246,0.27071085182684385,0.6250715755006807,1.2345108387211083,2.5782053595456587,701.9190534784428,1689.0129673162862,1.953133784044978,0.976566892022489,9.670637663554771,0.21994661864143014,0.2450901691019272,1
