nameseq,average,median,maximum,minimum,peak,none_levated_peak,sample_standard_deviation,population_standard_deviation,percentile15,percentile25,percentile50,percentile75,amplitude,variance,interquartile_range,semi_interquartile_range,coefficient_of_variation,skewness,kurtosis,label
R1,0.005203550658096126,0.0003708351348259661,1.3028262422201817,3.408214856917614e-06,19025.470588235246,3593.620124820208,0.07543191529678674,0.07555922663681948,8.203363961365939e-05,0.00015082187639151335,0.0003708351348259661,0.0010704522345969625,1.3028228340053247,0.00570919672995425,0.0009196303582054491,0.00045981517910272454,14.496239251447156,0.19220175588499305,0.21981814307062908,1
R2,0.005112486679996652,0.00041725046622459054,1.3117778762227463,3.3873689007730834e-06,18842.754879000764,3827.8251814108926,0.07699793729296389,0.07713149842941104,9.577354391281582e-05,0.00017391873024947104,0.00041725046622459054,0.0008298673254654749,1.3117744888538456,0.005949268049966238,0.0006559485952160038,0.0003279742976080019,15.060760469896092,0.18293618162422315,0.25643696263514315,1
R3,0.003994704163623086,0.0001380221822100678,1.12531957633309,1.8333079356716662e-06,24699.367619047596,6214.622516808798,0.06528641388535839,0.06539697520738065,3.65633106782279e-05,6.728683981402702e-05,0.0001380221822100678,0.0002465807819325711,1.1253177430251544,0.004276764366274759,0.00017929394211854406,8.964697105927203e-05,16.343241254227298,0.17721981122375355,0.2298899941809296,1
R4,0.0041785898157349665,0.00018249742755038992,1.1284467379461458,1.5823924955416228e-06,23054.029608404955,5229.056829310521,0.06624864608610688,0.06636356143021122,5.141930914780756e-05,8.326171132302873e-05,0.00018249742755038992,0.00038802842360316037,1.1284451555536503,0.004404122285701417,0.0003047667122801316,0.0001523833561400658,15.854307076669715,0.18095882516560308,0.21530486291592524,1
