ID,Predicted Label,P1
LR1,0,0.00022674223873764277
LR2,0,0.00013955846952740103
LR3,0,0.001700874650850892
LR4,0,0.00017626096087042242
LR5,0,0.12915557622909546
